stopien,blad
1,1.54717
2,0.904617
3,0.58286
4,0.0133106
5,0.0111153
6,0.000366319
7,3.29904e-05
8,2.3591e-06
9,1.70189e-08
10,3.9218e-09
