krok,MSE
4.736,0.361484
3.15733,1.42595
2.368,0.825607
inf,8.27181e-25
