Iteracja,x,f(x)
0,-1.450000,1.256113
1,-1.484353,-0.006728
2,-1.484171,-0.000000
3,-1.484171,0.000000
