Iteracja,x,f(x)
0,-2.650000,0.500072
1,-2.617187,-0.005327
2,-2.617534,0.000001
3,-2.617534,0.000000
