Iteracja,x,f(x)
0,0.400000,0.042355
1,0.348983,0.000753
2,0.348060,-0.000014
3,0.348077,0.000000
4,0.348077,0.000000
