Iteracja,x,f(x)
0,-2.350000,0.159105
1,-2.356376,0.003790
2,-2.356536,0.000002
3,-2.356536,0.000000
