Iteracja,x,f(x)
0,-2.600000,-0.265356
1,-2.617978,0.006808
2,-2.617528,-0.000096
3,-2.617534,-0.000000
4,-2.617534,0.000000
