Iteracja,x,f(x)
0,0.350000,0.001597
1,0.348075,-0.000001
2,0.348077,-0.000000
