Iteracja,x,f(x)
0,-2.300000,1.618292
1,-2.365711,-0.209624
2,-2.358175,-0.038633
3,-2.356472,0.001511
4,-2.356536,-0.000010
5,-2.356536,-0.000000
6,-2.356536,-0.000000
