Iteracja,x,f(x)
0,1.800000,-1.539618
1,1.722982,-0.013405
2,1.722306,0.000405
3,1.722326,-0.000000
4,1.722326,-0.000000
