Iteracja,x,f(x)
0,1.750000,-0.559435
1,1.722036,0.005918
2,1.722326,0.000001
3,1.722326,0.000000
