Iteracja,x,f(x)
0,-1.400000,3.069300
1,-1.483963,0.007677
2,-1.484174,-0.000102
3,-1.484171,0.000000
