krok,MSE
4.736,0.8929
3.15733,0.014871
2.368,0.000770304
